번호,정류소명,첫차
1,청강리공영차고지,04:53,05:12,05:31,05:50,06:09,06:28,06:47,07:06,07:25,07:44,08:03,08:22,08:41,09:00,09:19,09:38,09:57,10:16,10:35,10:54,11:13,11:32,11:51,12:10,12:29,12:48,13:07,13:26,13:45,14:04,14:23,14:42,15:01,15:20,15:39,15:58,16:17,16:36,16:55,17:14,17:33,17:52,18:11,18:30,18:49,19:08,19:27,19:46,20:05,20:24,20:43,21:02,21:21,21:40,21:59
2,연화교차로,04:53,05:12,05:31,05:50,06:09,06:28,06:47,07:06,07:25,07:44,08:03,08:22,08:41,09:00,09:19,09:38,09:57,10:16,10:35,10:54,11:13,11:32,11:51,12:10,12:29,12:48,13:07,13:26,13:45,14:04,14:23,14:42,15:01,15:20,15:39,15:58,16:17,16:36,16:55,17:14,17:33,17:52,18:11,18:30,18:49,19:08,19:27,19:46,20:05,20:24,20:43,21:02,21:21,21:40,21:59
3,서암입구,04:55,05:14,05:33,05:52,06:11,06:30,06:49,07:08,07:27,07:46,08:05,08:24,08:43,09:02,09:21,09:40,09:59,10:18,10:37,10:56,11:15,11:34,11:53,12:12,12:31,12:50,13:09,13:28,13:47,14:06,14:25,14:44,15:03,15:22,15:41,16:00,16:19,16:38,16:57,17:16,17:35,17:54,18:13,18:32,18:51,19:10,19:29,19:48,20:07,20:26,20:45,21:04,21:23,21:42,22:01
4,기차여행,04:55,05:14,05:33,05:52,06:11,06:30,06:49,07:08,07:27,07:46,08:05,08:24,08:43,09:02,09:21,09:40,09:59,10:18,10:37,10:56,11:15,11:34,11:53,12:12,12:31,12:50,13:09,13:28,13:47,14:06,14:25,14:44,15:03,15:22,15:41,16:00,16:19,16:38,16:57,17:16,17:35,17:54,18:13,18:32,18:51,19:10,19:29,19:48,20:07,20:26,20:45,21:04,21:23,21:42,22:01
5,해광사,04:56,05:15,05:34,05:53,06:12,06:31,06:50,07:09,07:28,07:47,08:06,08:25,08:44,09:03,09:22,09:41,10:00,10:19,10:38,10:57,11:16,11:35,11:54,12:13,12:32,12:51,13:10,13:29,13:48,14:07,14:26,14:45,15:04,15:23,15:42,16:01,16:20,16:39,16:58,17:17,17:36,17:55,18:14,18:33,18:52,19:11,19:30,19:49,20:08,20:27,20:46,21:05,21:24,21:43,22:02
6,동암후문,04:59,05:18,05:37,05:56,06:15,06:34,06:53,07:12,07:31,07:50,08:09,08:28,08:47,09:06,09:25,09:44,10:03,10:22,10:41,11:00,11:19,11:38,11:57,12:16,12:35,12:54,13:13,13:32,13:51,14:10,14:29,14:48,15:07,15:26,15:45,16:04,16:23,16:42,17:01,17:20,17:39,17:58,18:17,18:36,18:55,19:14,19:33,19:52,20:11,20:30,20:49,21:08,21:27,21:46,22:05
7,동암정문,04:59,05:18,05:37,05:56,06:15,06:34,06:53,07:12,07:31,07:50,08:09,08:28,08:47,09:06,09:25,09:44,10:03,10:22,10:41,11:00,11:19,11:38,11:57,12:16,12:35,12:54,13:13,13:32,13:51,14:10,14:29,14:48,15:07,15:26,15:45,16:04,16:23,16:42,17:01,17:20,17:39,17:58,18:17,18:36,18:55,19:14,19:33,19:52,20:11,20:30,20:49,21:08,21:27,21:46,22:05
8,용궁사.국립수산과학원,05:01,05:20,05:39,05:58,06:17,06:36,06:55,07:14,07:33,07:52,08:11,08:30,08:49,09:08,09:27,09:46,10:05,10:24,10:43,11:02,11:21,11:40,11:59,12:18,12:37,12:56,13:15,13:34,13:53,14:12,14:31,14:50,15:09,15:28,15:47,16:06,16:25,16:44,17:03,17:22,17:41,18:00,18:19,18:38,18:57,19:16,19:35,19:54,20:13,20:32,20:51,21:10,21:29,21:48,22:07
9,동부산관광단지,05:03,05:22,05:41,06:00,06:19,06:38,06:57,07:16,07:35,07:54,08:13,08:32,08:51,09:10,09:29,09:48,10:07,10:26,10:45,11:04,11:23,11:42,12:01,12:20,12:39,12:58,13:17,13:36,13:55,14:14,14:33,14:52,15:11,15:30,15:49,16:08,16:27,16:46,17:05,17:24,17:43,18:02,18:21,18:40,18:59,19:18,19:37,19:56,20:15,20:34,20:53,21:12,21:31,21:50,22:09
10,당사.공수마을,05:04,05:23,05:42,06:01,06:20,06:39,06:58,07:17,07:36,07:55,08:14,08:33,08:52,09:11,09:30,09:49,10:08,10:27,10:46,11:05,11:24,11:43,12:02,12:21,12:40,12:59,13:18,13:37,13:56,14:15,14:34,14:53,15:12,15:31,15:50,16:09,16:28,16:47,17:06,17:25,17:44,18:03,18:22,18:41,19:00,19:19,19:38,19:57,20:16,20:35,20:54,21:13,21:32,21:51,22:10
11,공수.양경마을,05:05,05:24,05:43,06:02,06:21,06:40,06:59,07:18,07:37,07:56,08:15,08:34,08:53,09:12,09:31,09:50,10:09,10:28,10:47,11:06,11:25,11:44,12:03,12:22,12:41,13:00,13:19,13:38,13:57,14:16,14:35,14:54,15:13,15:32,15:51,16:10,16:29,16:48,17:07,17:26,17:45,18:04,18:23,18:42,19:01,19:20,19:39,19:58,20:17,20:36,20:55,21:14,21:33,21:52,22:11
12,송정해수욕장,05:07,05:26,05:45,06:04,06:23,06:42,07:01,07:20,07:39,07:58,08:17,08:36,08:55,09:14,09:33,09:52,10:11,10:30,10:49,11:08,11:27,11:46,12:05,12:24,12:43,13:02,13:21,13:40,13:59,14:18,14:37,14:56,15:15,15:34,15:53,16:12,16:31,16:50,17:09,17:28,17:47,18:06,18:25,18:44,19:03,19:22,19:41,20:00,20:19,20:38,20:57,21:16,21:35,21:54,22:13
13,송정,05:07,05:26,05:45,06:04,06:23,06:42,07:01,07:20,07:39,07:58,08:17,08:36,08:55,09:14,09:33,09:52,10:11,10:30,10:49,11:08,11:27,11:46,12:05,12:24,12:43,13:02,13:21,13:40,13:59,14:18,14:37,14:56,15:15,15:34,15:53,16:12,16:31,16:50,17:09,17:28,17:47,18:06,18:25,18:44,19:03,19:22,19:41,20:00,20:19,20:38,20:57,21:16,21:35,21:54,22:13
14,송정1단지주공,05:08,05:27,05:46,06:05,06:24,06:43,07:02,07:21,07:40,07:59,08:18,08:37,08:56,09:15,09:34,09:53,10:12,10:31,10:50,11:09,11:28,11:47,12:06,12:25,12:44,13:03,13:22,13:41,14:00,14:19,14:38,14:57,15:16,15:35,15:54,16:13,16:32,16:51,17:10,17:29,17:48,18:07,18:26,18:45,19:04,19:23,19:42,20:01,20:20,20:39,20:58,21:17,21:36,21:55,22:14
15,부흥고.해운대백병원,05:12,05:31,05:50,06:09,06:28,06:47,07:06,07:25,07:44,08:03,08:22,08:41,09:00,09:19,09:38,09:57,10:16,10:35,10:54,11:13,11:32,11:51,12:10,12:29,12:48,13:07,13:26,13:45,14:04,14:23,14:42,15:01,15:20,15:39,15:58,16:17,16:36,16:55,17:14,17:33,17:52,18:11,18:30,18:49,19:08,19:27,19:46,20:05,20:24,20:43,21:02,21:21,21:40,21:59,22:18
16,한라아파트,05:13,05:32,05:51,06:10,06:29,06:48,07:07,07:26,07:45,08:04,08:23,08:42,09:01,09:20,09:39,09:58,10:17,10:36,10:55,11:14,11:33,11:52,12:11,12:30,12:49,13:08,13:27,13:46,14:05,14:24,14:43,15:02,15:21,15:40,15:59,16:18,16:37,16:56,17:15,17:34,17:53,18:12,18:31,18:50,19:09,19:28,19:47,20:06,20:25,20:44,21:03,21:22,21:41,22:00,22:19
17,영남아파트,05:14,05:33,05:52,06:11,06:30,06:49,07:08,07:27,07:46,08:05,08:24,08:43,09:02,09:21,09:40,09:59,10:18,10:37,10:56,11:15,11:34,11:53,12:12,12:31,12:50,13:09,13:28,13:47,14:06,14:25,14:44,15:03,15:22,15:41,16:00,16:19,16:38,16:57,17:16,17:35,17:54,18:13,18:32,18:51,19:10,19:29,19:48,20:07,20:26,20:45,21:04,21:23,21:42,22:01,22:20
18,대우아파트,05:15,05:34,05:53,06:12,06:31,06:50,07:09,07:28,07:47,08:06,08:25,08:44,09:03,09:22,09:41,10:00,10:19,10:38,10:57,11:16,11:35,11:54,12:13,12:32,12:51,13:10,13:29,13:48,14:07,14:26,14:45,15:04,15:23,15:42,16:01,16:20,16:39,16:58,17:17,17:36,17:55,18:14,18:33,18:52,19:11,19:30,19:49,20:08,20:27,20:46,21:05,21:24,21:43,22:02,22:21
19,현대아파트,05:16,05:35,05:54,06:13,06:32,06:51,07:10,07:29,07:48,08:07,08:26,08:45,09:04,09:23,09:42,10:01,10:20,10:39,10:58,11:17,11:36,11:55,12:14,12:33,12:52,13:11,13:30,13:49,14:08,14:27,14:46,15:05,15:24,15:43,16:02,16:21,16:40,16:59,17:18,17:37,17:56,18:15,18:34,18:53,19:12,19:31,19:50,20:09,20:28,20:47,21:06,21:25,21:44,22:03,22:22
20,해운대보건소,05:18,05:37,05:56,06:15,06:34,06:53,07:12,07:31,07:50,08:09,08:28,08:47,09:06,09:25,09:44,10:03,10:22,10:41,11:00,11:19,11:38,11:57,12:16,12:35,12:54,13:13,13:32,13:51,14:10,14:29,14:48,15:07,15:26,15:45,16:04,16:23,16:42,17:01,17:20,17:39,17:58,18:17,18:36,18:55,19:14,19:33,19:52,20:11,20:30,20:49,21:08,21:27,21:46,22:05,22:24
21,동백중학교,05:19,05:38,05:57,06:16,06:35,06:54,07:13,07:32,07:51,08:10,08:29,08:48,09:07,09:26,09:45,10:04,10:23,10:42,11:01,11:20,11:39,11:58,12:17,12:36,12:55,13:14,13:33,13:52,14:11,14:30,14:49,15:08,15:27,15:46,16:05,16:24,16:43,17:02,17:21,17:40,17:59,18:18,18:37,18:56,19:15,19:34,19:53,20:12,20:31,20:50,21:09,21:28,21:47,22:06,22:25
22,미포.문탠로드입구,05:19,05:38,05:57,06:16,06:35,06:54,07:13,07:32,07:51,08:10,08:29,08:48,09:07,09:26,09:45,10:04,10:23,10:42,11:01,11:20,11:39,11:58,12:17,12:36,12:55,13:14,13:33,13:52,14:11,14:30,14:49,15:08,15:27,15:46,16:05,16:24,16:43,17:02,17:21,17:40,17:59,18:18,18:37,18:56,19:15,19:34,19:53,20:12,20:31,20:50,21:09,21:28,21:47,22:06,22:25
23,중1동,05:22,05:41,06:00,06:19,06:38,06:57,07:16,07:35,07:54,08:13,08:32,08:51,09:10,09:29,09:48,10:07,10:26,10:45,11:04,11:23,11:42,12:01,12:20,12:39,12:58,13:17,13:36,13:55,14:14,14:33,14:52,15:11,15:30,15:49,16:08,16:27,16:46,17:05,17:24,17:43,18:02,18:21,18:40,18:59,19:18,19:37,19:56,20:15,20:34,20:53,21:12,21:31,21:50,22:09,22:28
24,해운대구청,05:23,05:42,06:01,06:20,06:39,06:58,07:17,07:36,07:55,08:14,08:33,08:52,09:11,09:30,09:49,10:08,10:27,10:46,11:05,11:24,11:43,12:02,12:21,12:40,12:59,13:18,13:37,13:56,14:15,14:34,14:53,15:12,15:31,15:50,16:09,16:28,16:47,17:06,17:25,17:44,18:03,18:22,18:41,19:00,19:19,19:38,19:57,20:16,20:35,20:54,21:13,21:32,21:51,22:10,22:29
25,해운대구청어귀삼거리,05:24,05:43,06:02,06:21,06:40,06:59,07:18,07:37,07:56,08:15,08:34,08:53,09:12,09:31,09:50,10:09,10:28,10:47,11:06,11:25,11:44,12:03,12:22,12:41,13:00,13:19,13:38,13:57,14:16,14:35,14:54,15:13,15:32,15:51,16:10,16:29,16:48,17:07,17:26,17:45,18:04,18:23,18:42,19:01,19:20,19:39,19:58,20:17,20:36,20:55,21:14,21:33,21:52,22:11,22:30
26,해운대도시철도역,05:25,05:44,06:03,06:22,06:41,07:00,07:19,07:38,07:57,08:16,08:35,08:54,09:13,09:32,09:51,10:10,10:29,10:48,11:07,11:26,11:45,12:04,12:23,12:42,13:01,13:20,13:39,13:58,14:17,14:36,14:55,15:14,15:33,15:52,16:11,16:30,16:49,17:08,17:27,17:46,18:05,18:24,18:43,19:02,19:21,19:40,19:59,20:18,20:37,20:56,21:15,21:34,21:53,22:12,22:31
27,운촌,05:27,05:46,06:05,06:24,06:43,07:02,07:21,07:40,07:59,08:18,08:37,08:56,09:15,09:34,09:53,10:12,10:31,10:50,11:09,11:28,11:47,12:06,12:25,12:44,13:03,13:22,13:41,14:00,14:19,14:38,14:57,15:16,15:35,15:54,16:13,16:32,16:51,17:10,17:29,17:48,18:07,18:26,18:45,19:04,19:23,19:42,20:01,20:20,20:39,20:58,21:17,21:36,21:55,22:14,22:33
28,동백역,05:28,05:47,06:06,06:25,06:44,07:03,07:22,07:41,08:00,08:19,08:38,08:57,09:16,09:35,09:54,10:13,10:32,10:51,11:10,11:29,11:48,12:07,12:26,12:45,13:04,13:23,13:42,14:01,14:20,14:39,14:58,15:17,15:36,15:55,16:14,16:33,16:52,17:11,17:30,17:49,18:08,18:27,18:46,19:05,19:24,19:43,20:02,20:21,20:40,20:59,21:18,21:37,21:56,22:15,22:34
29,부산문화여고,05:29,05:48,06:07,06:26,06:45,07:04,07:23,07:42,08:01,08:20,08:39,08:58,09:17,09:36,09:55,10:14,10:33,10:52,11:11,11:30,11:49,12:08,12:27,12:46,13:05,13:24,13:43,14:02,14:21,14:40,14:59,15:18,15:37,15:56,16:15,16:34,16:53,17:12,17:31,17:50,18:09,18:28,18:47,19:06,19:25,19:44,20:03,20:22,20:41,21:00,21:19,21:38,21:57,22:16,22:35
30,올림픽교차로,05:30,05:49,06:08,06:27,06:46,07:05,07:24,07:43,08:02,08:21,08:40,08:59,09:18,09:37,09:56,10:15,10:34,10:53,11:12,11:31,11:50,12:09,12:28,12:47,13:06,13:25,13:44,14:03,14:22,14:41,15:00,15:19,15:38,15:57,16:16,16:35,16:54,17:13,17:32,17:51,18:10,18:29,18:48,19:07,19:26,19:45,20:04,20:23,20:42,21:01,21:20,21:39,21:58,22:17,22:36
31,벡스코.시립미술관,05:32,05:51,06:10,06:29,06:48,07:07,07:26,07:45,08:04,08:23,08:42,09:01,09:20,09:39,09:58,10:17,10:36,10:55,11:14,11:33,11:52,12:11,12:30,12:49,13:08,13:27,13:46,14:05,14:24,14:43,15:02,15:21,15:40,15:59,16:18,16:37,16:56,17:15,17:34,17:53,18:12,18:31,18:50,19:09,19:28,19:47,20:06,20:25,20:44,21:03,21:22,21:41,22:00,22:19,22:38
32,동해선벡스코역,05:33,05:52,06:11,06:30,06:49,07:08,07:27,07:46,08:05,08:24,08:43,09:02,09:21,09:40,09:59,10:18,10:37,10:56,11:15,11:34,11:53,12:12,12:31,12:50,13:09,13:28,13:47,14:06,14:25,14:44,15:03,15:22,15:41,16:00,16:19,16:38,16:57,17:16,17:35,17:54,18:13,18:32,18:51,19:10,19:29,19:48,20:07,20:26,20:45,21:04,21:23,21:42,22:01,22:20,22:39
33,센텀센시빌,05:34,05:53,06:12,06:31,06:50,07:09,07:28,07:47,08:06,08:25,08:44,09:03,09:22,09:41,10:00,10:19,10:38,10:57,11:16,11:35,11:54,12:13,12:32,12:51,13:10,13:29,13:48,14:07,14:26,14:45,15:04,15:23,15:42,16:01,16:20,16:39,16:58,17:17,17:36,17:55,18:14,18:33,18:52,19:11,19:30,19:49,20:08,20:27,20:46,21:05,21:24,21:43,22:02,22:21,22:40
34,센텀고등학교,05:35,05:54,06:13,06:32,06:51,07:10,07:29,07:48,08:07,08:26,08:45,09:04,09:23,09:42,10:01,10:20,10:39,10:58,11:17,11:36,11:55,12:14,12:33,12:52,13:11,13:30,13:49,14:08,14:27,14:46,15:05,15:24,15:43,16:02,16:21,16:40,16:59,17:18,17:37,17:56,18:15,18:34,18:53,19:12,19:31,19:50,20:09,20:28,20:47,21:06,21:25,21:44,22:03,22:22,22:41
35,동해선센텀역,05:36,05:55,06:14,06:33,06:52,07:11,07:30,07:49,08:08,08:27,08:46,09:05,09:24,09:43,10:02,10:21,10:40,10:59,11:18,11:37,11:56,12:15,12:34,12:53,13:12,13:31,13:50,14:09,14:28,14:47,15:06,15:25,15:44,16:03,16:22,16:41,17:00,17:19,17:38,17:57,18:16,18:35,18:54,19:13,19:32,19:51,20:10,20:29,20:48,21:07,21:26,21:45,22:04,22:23,22:42
36,동부지청어귀교차로,05:38,05:57,06:16,06:35,06:54,07:13,07:32,07:51,08:10,08:29,08:48,09:07,09:26,09:45,10:04,10:23,10:42,11:01,11:20,11:39,11:58,12:17,12:36,12:55,13:14,13:33,13:52,14:11,14:30,14:49,15:08,15:27,15:46,16:05,16:24,16:43,17:02,17:21,17:40,17:59,18:18,18:37,18:56,19:15,19:34,19:53,20:12,20:31,20:50,21:09,21:28,21:47,22:06,22:25,22:44
37,과정교,05:40,05:59,06:18,06:37,06:56,07:15,07:34,07:53,08:12,08:31,08:50,09:09,09:28,09:47,10:06,10:25,10:44,11:03,11:22,11:41,12:00,12:19,12:38,12:57,13:16,13:35,13:54,14:13,14:32,14:51,15:10,15:29,15:48,16:07,16:26,16:45,17:04,17:23,17:42,18:01,18:20,18:39,18:58,19:17,19:36,19:55,20:14,20:33,20:52,21:11,21:30,21:49,22:08,22:27,22:46
38,수영강푸르지오아파트,05:41,06:00,06:19,06:38,06:57,07:16,07:35,07:54,08:13,08:32,08:51,09:10,09:29,09:48,10:07,10:26,10:45,11:04,11:23,11:42,12:01,12:20,12:39,12:58,13:17,13:36,13:55,14:14,14:33,14:52,15:11,15:30,15:49,16:08,16:27,16:46,17:05,17:24,17:43,18:02,18:21,18:40,18:59,19:18,19:37,19:56,20:15,20:34,20:53,21:12,21:31,21:50,22:09,22:28,22:47
39,연제예식장,05:42,06:01,06:20,06:39,06:58,07:17,07:36,07:55,08:14,08:33,08:52,09:11,09:30,09:49,10:08,10:27,10:46,11:05,11:24,11:43,12:02,12:21,12:40,12:59,13:18,13:37,13:56,14:15,14:34,14:53,15:12,15:31,15:50,16:09,16:28,16:47,17:06,17:25,17:44,18:03,18:22,18:41,19:00,19:19,19:38,19:57,20:16,20:35,20:54,21:13,21:32,21:51,22:10,22:29,22:48
40,부산소방본부.교통정보서비스센터,05:42,06:01,06:20,06:39,06:58,07:17,07:36,07:55,08:14,08:33,08:52,09:11,09:30,09:49,10:08,10:27,10:46,11:05,11:24,11:43,12:02,12:21,12:40,12:59,13:18,13:37,13:56,14:15,14:34,14:53,15:12,15:31,15:50,16:09,16:28,16:47,17:06,17:25,17:44,18:03,18:22,18:41,19:00,19:19,19:38,19:57,20:16,20:35,20:54,21:13,21:32,21:51,22:10,22:29,22:48
41,태광아파트,05:43,06:02,06:21,06:40,06:59,07:18,07:37,07:56,08:15,08:34,08:53,09:12,09:31,09:50,10:09,10:28,10:47,11:06,11:25,11:44,12:03,12:22,12:41,13:00,13:19,13:38,13:57,14:16,14:35,14:54,15:13,15:32,15:51,16:10,16:29,16:48,17:07,17:26,17:45,18:04,18:23,18:42,19:01,19:20,19:39,19:58,20:17,20:36,20:55,21:14,21:33,21:52,22:11,22:30,22:49
42,토곡한양아파트,05:45,06:04,06:23,06:42,07:01,07:20,07:39,07:58,08:17,08:36,08:55,09:14,09:33,09:52,10:11,10:30,10:49,11:08,11:27,11:46,12:05,12:24,12:43,13:02,13:21,13:40,13:59,14:18,14:37,14:56,15:15,15:34,15:53,16:12,16:31,16:50,17:09,17:28,17:47,18:06,18:25,18:44,19:03,19:22,19:41,20:00,20:19,20:38,20:57,21:16,21:35,21:54,22:13,22:32,22:51
43,연산8치안센터,05:46,06:05,06:24,06:43,07:02,07:21,07:40,07:59,08:18,08:37,08:56,09:15,09:34,09:53,10:12,10:31,10:50,11:09,11:28,11:47,12:06,12:25,12:44,13:03,13:22,13:41,14:00,14:19,14:38,14:57,15:16,15:35,15:54,16:13,16:32,16:51,17:10,17:29,17:48,18:07,18:26,18:45,19:04,19:23,19:42,20:01,20:20,20:39,20:58,21:17,21:36,21:55,22:14,22:33,22:52
44,파크시티아파트입구,05:46,06:05,06:24,06:43,07:02,07:21,07:40,07:59,08:18,08:37,08:56,09:15,09:34,09:53,10:12,10:31,10:50,11:09,11:28,11:47,12:06,12:25,12:44,13:03,13:22,13:41,14:00,14:19,14:38,14:57,15:16,15:35,15:54,16:13,16:32,16:51,17:10,17:29,17:48,18:07,18:26,18:45,19:04,19:23,19:42,20:01,20:20,20:39,20:58,21:17,21:36,21:55,22:14,22:33,22:52
45,연천시장,05:47,06:06,06:25,06:44,07:03,07:22,07:41,08:00,08:19,08:38,08:57,09:16,09:35,09:54,10:13,10:32,10:51,11:10,11:29,11:48,12:07,12:26,12:45,13:04,13:23,13:42,14:01,14:20,14:39,14:58,15:17,15:36,15:55,16:14,16:33,16:52,17:11,17:30,17:49,18:08,18:27,18:46,19:05,19:24,19:43,20:02,20:21,20:40,20:59,21:18,21:37,21:56,22:15,22:34,22:53
46,연동시장,05:48,06:07,06:26,06:45,07:04,07:23,07:42,08:01,08:20,08:39,08:58,09:17,09:36,09:55,10:14,10:33,10:52,11:11,11:30,11:49,12:08,12:27,12:46,13:05,13:24,13:43,14:02,14:21,14:40,14:59,15:18,15:37,15:56,16:15,16:34,16:53,17:12,17:31,17:50,18:09,18:28,18:47,19:06,19:25,19:44,20:03,20:22,20:41,21:00,21:19,21:38,21:57,22:16,22:35,22:54
47,경동아파트,05:49,06:08,06:27,06:46,07:05,07:24,07:43,08:02,08:21,08:40,08:59,09:18,09:37,09:56,10:15,10:34,10:53,11:12,11:31,11:50,12:09,12:28,12:47,13:06,13:25,13:44,14:03,14:22,14:41,15:00,15:19,15:38,15:57,16:16,16:35,16:54,17:13,17:32,17:51,18:10,18:29,18:48,19:07,19:26,19:45,20:04,20:23,20:42,21:01,21:20,21:39,21:58,22:17,22:36,22:55
48,연안교,05:50,06:09,06:28,06:47,07:06,07:25,07:44,08:03,08:22,08:41,09:00,09:19,09:38,09:57,10:16,10:35,10:54,11:13,11:32,11:51,12:10,12:29,12:48,13:07,13:26,13:45,14:04,14:23,14:42,15:01,15:20,15:39,15:58,16:17,16:36,16:55,17:14,17:33,17:52,18:11,18:30,18:49,19:08,19:27,19:46,20:05,20:24,20:43,21:02,21:21,21:40,21:59,22:18,22:37,22:56
49,우성아파트,05:52,06:11,06:30,06:49,07:08,07:27,07:46,08:05,08:24,08:43,09:02,09:21,09:40,09:59,10:18,10:37,10:56,11:15,11:34,11:53,12:12,12:31,12:50,13:09,13:28,13:47,14:06,14:25,14:44,15:03,15:22,15:41,16:00,16:19,16:38,16:57,17:16,17:35,17:54,18:13,18:32,18:51,19:10,19:29,19:48,20:07,20:26,20:45,21:04,21:23,21:42,22:01,22:20,22:39,22:58
50,동래봉생병원,05:53,06:12,06:31,06:50,07:09,07:28,07:47,08:06,08:25,08:44,09:03,09:22,09:41,10:00,10:19,10:38,10:57,11:16,11:35,11:54,12:13,12:32,12:51,13:10,13:29,13:48,14:07,14:26,14:45,15:04,15:23,15:42,16:01,16:20,16:39,16:58,17:17,17:36,17:55,18:14,18:33,18:52,19:11,19:30,19:49,20:08,20:27,20:46,21:05,21:24,21:43,22:02,22:21,22:40,22:59
51,낙민역.동래고등학교,05:55,06:14,06:33,06:52,07:11,07:30,07:49,08:08,08:27,08:46,09:05,09:24,09:43,10:02,10:21,10:40,10:59,11:18,11:37,11:56,12:15,12:34,12:53,13:12,13:31,13:50,14:09,14:28,14:47,15:06,15:25,15:44,16:03,16:22,16:41,17:00,17:19,17:38,17:57,18:16,18:35,18:54,19:13,19:32,19:51,20:10,20:29,20:48,21:07,21:26,21:45,22:04,22:23,22:42,23:01
52,동래시장,05:56,06:15,06:34,06:53,07:12,07:31,07:50,08:09,08:28,08:47,09:06,09:25,09:44,10:03,10:22,10:41,11:00,11:19,11:38,11:57,12:16,12:35,12:54,13:13,13:32,13:51,14:10,14:29,14:48,15:07,15:26,15:45,16:04,16:23,16:42,17:01,17:20,17:39,17:58,18:17,18:36,18:55,19:14,19:33,19:52,20:11,20:30,20:49,21:08,21:27,21:46,22:05,22:24,22:43,23:02
53,동래시장정문.수안치안센터,05:58,06:17,06:36,06:55,07:14,07:33,07:52,08:11,08:30,08:49,09:08,09:27,09:46,10:05,10:24,10:43,11:02,11:21,11:40,11:59,12:18,12:37,12:56,13:15,13:34,13:53,14:12,14:31,14:50,15:09,15:28,15:47,16:06,16:25,16:44,17:03,17:22,17:41,18:00,18:19,18:38,18:57,19:16,19:35,19:54,20:13,20:32,20:51,21:10,21:29,21:48,22:07,22:26,22:45,23:04
54,동래구청,05:58,06:17,06:36,06:55,07:14,07:33,07:52,08:11,08:30,08:49,09:08,09:27,09:46,10:05,10:24,10:43,11:02,11:21,11:40,11:59,12:18,12:37,12:56,13:15,13:34,13:53,14:12,14:31,14:50,15:09,15:28,15:47,16:06,16:25,16:44,17:03,17:22,17:41,18:00,18:19,18:38,18:57,19:16,19:35,19:54,20:13,20:32,20:51,21:10,21:29,21:48,22:07,22:26,22:45,23:04
55,복산동주민센터,06:00,06:19,06:38,06:57,07:16,07:35,07:54,08:13,08:32,08:51,09:10,09:29,09:48,10:07,10:26,10:45,11:04,11:23,11:42,12:01,12:20,12:39,12:58,13:17,13:36,13:55,14:14,14:33,14:52,15:11,15:30,15:49,16:08,16:27,16:46,17:05,17:24,17:43,18:02,18:21,18:40,18:59,19:18,19:37,19:56,20:15,20:34,20:53,21:12,21:31,21:50,22:09,22:28,22:47,23:06
56,명륜초등학교,06:02,06:21,06:40,06:59,07:18,07:37,07:56,08:15,08:34,08:53,09:12,09:31,09:50,10:09,10:28,10:47,11:06,11:25,11:44,12:03,12:22,12:41,13:00,13:19,13:38,13:57,14:16,14:35,14:54,15:13,15:32,15:51,16:10,16:29,16:48,17:07,17:26,17:45,18:04,18:23,18:42,19:01,19:20,19:39,19:58,20:17,20:36,20:55,21:14,21:33,21:52,22:11,22:30,22:49,23:08
57,동래구노인복지관,06:03,06:22,06:41,07:00,07:19,07:38,07:57,08:16,08:35,08:54,09:13,09:32,09:51,10:10,10:29,10:48,11:07,11:26,11:45,12:04,12:23,12:42,13:01,13:20,13:39,13:58,14:17,14:36,14:55,15:14,15:33,15:52,16:11,16:30,16:49,17:08,17:27,17:46,18:05,18:24,18:43,19:02,19:21,19:40,19:59,20:18,20:37,20:56,21:15,21:34,21:53,22:12,22:31,22:50,23:09
58,온천입구,06:04,06:23,06:42,07:01,07:20,07:39,07:58,08:17,08:36,08:55,09:14,09:33,09:52,10:11,10:30,10:49,11:08,11:27,11:46,12:05,12:24,12:43,13:02,13:21,13:40,13:59,14:18,14:37,14:56,15:15,15:34,15:53,16:12,16:31,16:50,17:09,17:28,17:47,18:06,18:25,18:44,19:03,19:22,19:41,20:00,20:19,20:38,20:57,21:16,21:35,21:54,22:13,22:32,22:51,23:10
59,온천장,06:06,06:25,06:44,07:03,07:22,07:41,08:00,08:19,08:38,08:57,09:16,09:35,09:54,10:13,10:32,10:51,11:10,11:29,11:48,12:07,12:26,12:45,13:04,13:23,13:42,14:01,14:20,14:39,14:58,15:17,15:36,15:55,16:14,16:33,16:52,17:11,17:30,17:49,18:08,18:27,18:46,19:05,19:24,19:43,20:02,20:21,20:40,20:59,21:18,21:37,21:56,22:15,22:34,22:53,23:12
60,온천장역.CGV동래,06:08,06:27,06:46,07:05,07:24,07:43,08:02,08:21,08:40,08:59,09:18,09:37,09:56,10:15,10:34,10:53,11:12,11:31,11:50,12:09,12:28,12:47,13:06,13:25,13:44,14:03,14:22,14:41,15:00,15:19,15:38,15:57,16:16,16:35,16:54,17:13,17:32,17:51,18:10,18:29,18:48,19:07,19:26,19:45,20:04,20:23,20:42,21:01,21:20,21:39,21:58,22:17,22:36,22:55,23:14
61,금정초등학교,06:10,06:29,06:48,07:07,07:26,07:45,08:04,08:23,08:42,09:01,09:20,09:39,09:58,10:17,10:36,10:55,11:14,11:33,11:52,12:11,12:30,12:49,13:08,13:27,13:46,14:05,14:24,14:43,15:02,15:21,15:40,15:59,16:18,16:37,16:56,17:15,17:34,17:53,18:12,18:31,18:50,19:09,19:28,19:47,20:06,20:25,20:44,21:03,21:22,21:41,22:00,22:19,22:38,22:57,23:16
62,부산대앞부산은행,06:11,06:30,06:49,07:08,07:27,07:46,08:05,08:24,08:43,09:02,09:21,09:40,09:59,10:18,10:37,10:56,11:15,11:34,11:53,12:12,12:31,12:50,13:09,13:28,13:47,14:06,14:25,14:44,15:03,15:22,15:41,16:00,16:19,16:38,16:57,17:16,17:35,17:54,18:13,18:32,18:51,19:10,19:29,19:48,20:07,20:26,20:45,21:04,21:23,21:42,22:01,22:20,22:39,22:58,23:17
63,부산대학교정문,06:12,06:31,06:50,07:09,07:28,07:47,08:06,08:25,08:44,09:03,09:22,09:41,10:00,10:19,10:38,10:57,11:16,11:35,11:54,12:13,12:32,12:51,13:10,13:29,13:48,14:07,14:26,14:45,15:04,15:23,15:42,16:01,16:20,16:39,16:58,17:17,17:36,17:55,18:14,18:33,18:52,19:11,19:30,19:49,20:08,20:27,20:46,21:05,21:24,21:43,22:02,22:21,22:40,22:59,23:18
64,(구)장전1치안센터,06:12,06:31,06:50,07:09,07:28,07:47,08:06,08:25,08:44,09:03,09:22,09:41,10:00,10:19,10:38,10:57,11:16,11:35,11:54,12:13,12:32,12:51,13:10,13:29,13:48,14:07,14:26,14:45,15:04,15:23,15:42,16:01,16:20,16:39,16:58,17:17,17:36,17:55,18:14,18:33,18:52,19:11,19:30,19:49,20:08,20:27,20:46,21:05,21:24,21:43,22:02,22:21,22:40,22:59,23:18
65,장전역,06:13,06:32,06:51,07:10,07:29,07:48,08:07,08:26,08:45,09:04,09:23,09:42,10:01,10:20,10:39,10:58,11:17,11:36,11:55,12:14,12:33,12:52,13:11,13:30,13:49,14:08,14:27,14:46,15:05,15:24,15:43,16:02,16:21,16:40,16:59,17:18,17:37,17:56,18:15,18:34,18:53,19:12,19:31,19:50,20:09,20:28,20:47,21:06,21:25,21:44,22:03,22:22,22:41,23:00,23:19
66,장전동어린이놀이터,06:20,06:39,06:58,07:17,07:36,07:55,08:14,08:33,08:52,09:11,09:30,09:49,10:08,10:27,10:46,11:05,11:24,11:43,12:02,12:21,12:40,12:59,13:18,13:37,13:56,14:15,14:34,14:53,15:12,15:31,15:50,16:09,16:28,16:47,17:06,17:25,17:44,18:03,18:22,18:41,19:00,19:19,19:38,19:57,20:16,20:35,20:54,21:13,21:32,21:51,22:10,22:29,22:48,23:07,23:26
67,장전중앙교회,06:23,06:42,07:01,07:20,07:39,07:58,08:17,08:36,08:55,09:14,09:33,09:52,10:11,10:30,10:49,11:08,11:27,11:46,12:05,12:24,12:43,13:02,13:21,13:40,13:59,14:18,14:37,14:56,15:15,15:34,15:53,16:12,16:31,16:50,17:09,17:28,17:47,18:06,18:25,18:44,19:03,19:22,19:41,20:00,20:19,20:38,20:57,21:16,21:35,21:54,22:13,22:32,22:51,23:10,23:29
68,현대아파트,06:24,06:43,07:02,07:21,07:40,07:59,08:18,08:37,08:56,09:15,09:34,09:53,10:12,10:31,10:50,11:09,11:28,11:47,12:06,12:25,12:44,13:03,13:22,13:41,14:00,14:19,14:38,14:57,15:16,15:35,15:54,16:13,16:32,16:51,17:10,17:29,17:48,18:07,18:26,18:45,19:04,19:23,19:42,20:01,20:20,20:39,20:58,21:17,21:36,21:55,22:14,22:33,22:52,23:11,23:30
69,부산대학교정문,06:24,06:43,07:02,07:21,07:40,07:59,08:18,08:37,08:56,09:15,09:34,09:53,10:12,10:31,10:50,11:09,11:28,11:47,12:06,12:25,12:44,13:03,13:22,13:41,14:00,14:19,14:38,14:57,15:16,15:35,15:54,16:13,16:32,16:51,17:10,17:29,17:48,18:07,18:26,18:45,19:04,19:23,19:42,20:01,20:20,20:39,20:58,21:17,21:36,21:55,22:14,22:33,22:52,23:11,23:30
70,부산대학교후문,06:25,06:44,07:03,07:22,07:41,08:00,08:19,08:38,08:57,09:16,09:35,09:54,10:13,10:32,10:51,11:10,11:29,11:48,12:07,12:26,12:45,13:04,13:23,13:42,14:01,14:20,14:39,14:58,15:17,15:36,15:55,16:14,16:33,16:52,17:11,17:30,17:49,18:08,18:27,18:46,19:05,19:24,19:43,20:02,20:21,20:40,20:59,21:18,21:37,21:56,22:15,22:34,22:53,23:12,23:31
71,금정초등학교,06:26,06:45,07:04,07:23,07:42,08:01,08:20,08:39,08:58,09:17,09:36,09:55,10:14,10:33,10:52,11:11,11:30,11:49,12:08,12:27,12:46,13:05,13:24,13:43,14:02,14:21,14:40,14:59,15:18,15:37,15:56,16:15,16:34,16:53,17:12,17:31,17:50,18:09,18:28,18:47,19:06,19:25,19:44,20:03,20:22,20:41,21:00,21:19,21:38,21:57,22:16,22:35,22:54,23:13,23:32
72,온천장역.SK허브스카이,06:28,06:47,07:06,07:25,07:44,08:03,08:22,08:41,09:00,09:19,09:38,09:57,10:16,10:35,10:54,11:13,11:32,11:51,12:10,12:29,12:48,13:07,13:26,13:45,14:04,14:23,14:42,15:01,15:20,15:39,15:58,16:17,16:36,16:55,17:14,17:33,17:52,18:11,18:30,18:49,19:08,19:27,19:46,20:05,20:24,20:43,21:02,21:21,21:40,21:59,22:18,22:37,22:56,23:15,23:34
73,온천장,06:30,06:49,07:08,07:27,07:46,08:05,08:24,08:43,09:02,09:21,09:40,09:59,10:18,10:37,10:56,11:15,11:34,11:53,12:12,12:31,12:50,13:09,13:28,13:47,14:06,14:25,14:44,15:03,15:22,15:41,16:00,16:19,16:38,16:57,17:16,17:35,17:54,18:13,18:32,18:51,19:10,19:29,19:48,20:07,20:26,20:45,21:04,21:23,21:42,22:01,22:20,22:39,22:58,23:17,23:36
74,온천입구,06:31,06:50,07:09,07:28,07:47,08:06,08:25,08:44,09:03,09:22,09:41,10:00,10:19,10:38,10:57,11:16,11:35,11:54,12:13,12:32,12:51,13:10,13:29,13:48,14:07,14:26,14:45,15:04,15:23,15:42,16:01,16:20,16:39,16:58,17:17,17:36,17:55,18:14,18:33,18:52,19:11,19:30,19:49,20:08,20:27,20:46,21:05,21:24,21:43,22:02,22:21,22:40,22:59,23:18,23:37
75,동래구노인복지관,06:33,06:52,07:11,07:30,07:49,08:08,08:27,08:46,09:05,09:24,09:43,10:02,10:21,10:40,10:59,11:18,11:37,11:56,12:15,12:34,12:53,13:12,13:31,13:50,14:09,14:28,14:47,15:06,15:25,15:44,16:03,16:22,16:41,17:00,17:19,17:38,17:57,18:16,18:35,18:54,19:13,19:32,19:51,20:10,20:29,20:48,21:07,21:26,21:45,22:04,22:23,22:42,23:01,23:20,23:39
76,동래우체국,06:34,06:53,07:12,07:31,07:50,08:09,08:28,08:47,09:06,09:25,09:44,10:03,10:22,10:41,11:00,11:19,11:38,11:57,12:16,12:35,12:54,13:13,13:32,13:51,14:10,14:29,14:48,15:07,15:26,15:45,16:04,16:23,16:42,17:01,17:20,17:39,17:58,18:17,18:36,18:55,19:14,19:33,19:52,20:11,20:30,20:49,21:08,21:27,21:46,22:05,22:24,22:43,23:02,23:21,23:40
77,명륜교차로,06:35,06:54,07:13,07:32,07:51,08:10,08:29,08:48,09:07,09:26,09:45,10:04,10:23,10:42,11:01,11:20,11:39,11:58,12:17,12:36,12:55,13:14,13:33,13:52,14:11,14:30,14:49,15:08,15:27,15:46,16:05,16:24,16:43,17:02,17:21,17:40,17:59,18:18,18:37,18:56,19:15,19:34,19:53,20:12,20:31,20:50,21:09,21:28,21:47,22:06,22:25,22:44,23:03,23:22,23:41
78,동래전화국,06:36,06:55,07:14,07:33,07:52,08:11,08:30,08:49,09:08,09:27,09:46,10:05,10:24,10:43,11:02,11:21,11:40,11:59,12:18,12:37,12:56,13:15,13:34,13:53,14:12,14:31,14:50,15:09,15:28,15:47,16:06,16:25,16:44,17:03,17:22,17:41,18:00,18:19,18:38,18:57,19:16,19:35,19:54,20:13,20:32,20:51,21:10,21:29,21:48,22:07,22:26,22:45,23:04,23:23,23:42
79,동래시장,06:38,06:57,07:16,07:35,07:54,08:13,08:32,08:51,09:10,09:29,09:48,10:07,10:26,10:45,11:04,11:23,11:42,12:01,12:20,12:39,12:58,13:17,13:36,13:55,14:14,14:33,14:52,15:11,15:30,15:49,16:08,16:27,16:46,17:05,17:24,17:43,18:02,18:21,18:40,18:59,19:18,19:37,19:56,20:15,20:34,20:53,21:12,21:31,21:50,22:09,22:28,22:47,23:06,23:25,23:44
80,낙민역.동래고등학교,06:40,06:59,07:18,07:37,07:56,08:15,08:34,08:53,09:12,09:31,09:50,10:09,10:28,10:47,11:06,11:25,11:44,12:03,12:22,12:41,13:00,13:19,13:38,13:57,14:16,14:35,14:54,15:13,15:32,15:51,16:10,16:29,16:48,17:07,17:26,17:45,18:04,18:23,18:42,19:01,19:20,19:39,19:58,20:17,20:36,20:55,21:14,21:33,21:52,22:11,22:30,22:49,23:08,23:27,23:46
81,동래봉생병원,06:41,07:00,07:19,07:38,07:57,08:16,08:35,08:54,09:13,09:32,09:51,10:10,10:29,10:48,11:07,11:26,11:45,12:04,12:23,12:42,13:01,13:20,13:39,13:58,14:17,14:36,14:55,15:14,15:33,15:52,16:11,16:30,16:49,17:08,17:27,17:46,18:05,18:24,18:43,19:02,19:21,19:40,19:59,20:18,20:37,20:56,21:15,21:34,21:53,22:12,22:31,22:50,23:09,23:28,23:47
82,우성아파트,06:42,07:01,07:20,07:39,07:58,08:17,08:36,08:55,09:14,09:33,09:52,10:11,10:30,10:49,11:08,11:27,11:46,12:05,12:24,12:43,13:02,13:21,13:40,13:59,14:18,14:37,14:56,15:15,15:34,15:53,16:12,16:31,16:50,17:09,17:28,17:47,18:06,18:25,18:44,19:03,19:22,19:41,20:00,20:19,20:38,20:57,21:16,21:35,21:54,22:13,22:32,22:51,23:10,23:29,23:48
83,경동아파트,06:46,07:05,07:24,07:43,08:02,08:21,08:40,08:59,09:18,09:37,09:56,10:15,10:34,10:53,11:12,11:31,11:50,12:09,12:28,12:47,13:06,13:25,13:44,14:03,14:22,14:41,15:00,15:19,15:38,15:57,16:16,16:35,16:54,17:13,17:32,17:51,18:10,18:29,18:48,19:07,19:26,19:45,20:04,20:23,20:42,21:01,21:20,21:39,21:58,22:17,22:36,22:55,23:14,23:33,23:52
84,연동시장,06:47,07:06,07:25,07:44,08:03,08:22,08:41,09:00,09:19,09:38,09:57,10:16,10:35,10:54,11:13,11:32,11:51,12:10,12:29,12:48,13:07,13:26,13:45,14:04,14:23,14:42,15:01,15:20,15:39,15:58,16:17,16:36,16:55,17:14,17:33,17:52,18:11,18:30,18:49,19:08,19:27,19:46,20:05,20:24,20:43,21:02,21:21,21:40,21:59,22:18,22:37,22:56,23:15,23:34,23:53
85,부산경상대학입구,06:48,07:07,07:26,07:45,08:04,08:23,08:42,09:01,09:20,09:39,09:58,10:17,10:36,10:55,11:14,11:33,11:52,12:11,12:30,12:49,13:08,13:27,13:46,14:05,14:24,14:43,15:02,15:21,15:40,15:59,16:18,16:37,16:56,17:15,17:34,17:53,18:12,18:31,18:50,19:09,19:28,19:47,20:06,20:25,20:44,21:03,21:22,21:41,22:00,22:19,22:38,22:57,23:16,23:35,23:54
86,연산8치안센터,06:49,07:08,07:27,07:46,08:05,08:24,08:43,09:02,09:21,09:40,09:59,10:18,10:37,10:56,11:15,11:34,11:53,12:12,12:31,12:50,13:09,13:28,13:47,14:06,14:25,14:44,15:03,15:22,15:41,16:00,16:19,16:38,16:57,17:16,17:35,17:54,18:13,18:32,18:51,19:10,19:29,19:48,20:07,20:26,20:45,21:04,21:23,21:42,22:01,22:20,22:39,22:58,23:17,23:36,23:55
87,토곡한양아파트,06:50,07:09,07:28,07:47,08:06,08:25,08:44,09:03,09:22,09:41,10:00,10:19,10:38,10:57,11:16,11:35,11:54,12:13,12:32,12:51,13:10,13:29,13:48,14:07,14:26,14:45,15:04,15:23,15:42,16:01,16:20,16:39,16:58,17:17,17:36,17:55,18:14,18:33,18:52,19:11,19:30,19:49,20:08,20:27,20:46,21:05,21:24,21:43,22:02,22:21,22:40,22:59,23:18,23:37,23:56
88,태광아파트,06:51,07:10,07:29,07:48,08:07,08:26,08:45,09:04,09:23,09:42,10:01,10:20,10:39,10:58,11:17,11:36,11:55,12:14,12:33,12:52,13:11,13:30,13:49,14:08,14:27,14:46,15:05,15:24,15:43,16:02,16:21,16:40,16:59,17:18,17:37,17:56,18:15,18:34,18:53,19:12,19:31,19:50,20:09,20:28,20:47,21:06,21:25,21:44,22:03,22:22,22:41,23:00,23:19,23:38,23:57
89,부산소방본부.교통정보서비스센터,06:53,07:12,07:31,07:50,08:09,08:28,08:47,09:06,09:25,09:44,10:03,10:22,10:41,11:00,11:19,11:38,11:57,12:16,12:35,12:54,13:13,13:32,13:51,14:10,14:29,14:48,15:07,15:26,15:45,16:04,16:23,16:42,17:01,17:20,17:39,17:58,18:17,18:36,18:55,19:14,19:33,19:52,20:11,20:30,20:49,21:08,21:27,21:46,22:05,22:24,22:43,23:02,23:21,23:40,23:59
90,수영강푸르지오아파트,06:55,07:14,07:33,07:52,08:11,08:30,08:49,09:08,09:27,09:46,10:05,10:24,10:43,11:02,11:21,11:40,11:59,12:18,12:37,12:56,13:15,13:34,13:53,14:12,14:31,14:50,15:09,15:28,15:47,16:06,16:25,16:44,17:03,17:22,17:41,18:00,18:19,18:38,18:57,19:16,19:35,19:54,20:13,20:32,20:51,21:10,21:29,21:48,22:07,22:26,22:45,23:04,23:23,23:42,00:01
91,과정교,06:57,07:16,07:35,07:54,08:13,08:32,08:51,09:10,09:29,09:48,10:07,10:26,10:45,11:04,11:23,11:42,12:01,12:20,12:39,12:58,13:17,13:36,13:55,14:14,14:33,14:52,15:11,15:30,15:49,16:08,16:27,16:46,17:05,17:24,17:43,18:02,18:21,18:40,18:59,19:18,19:37,19:56,20:15,20:34,20:53,21:12,21:31,21:50,22:09,22:28,22:47,23:06,23:25,23:44,00:03
92,동부지청어귀교차로,06:58,07:17,07:36,07:55,08:14,08:33,08:52,09:11,09:30,09:49,10:08,10:27,10:46,11:05,11:24,11:43,12:02,12:21,12:40,12:59,13:18,13:37,13:56,14:15,14:34,14:53,15:12,15:31,15:50,16:09,16:28,16:47,17:06,17:25,17:44,18:03,18:22,18:41,19:00,19:19,19:38,19:57,20:16,20:35,20:54,21:13,21:32,21:51,22:10,22:29,22:48,23:07,23:26,23:45,00:04
93,동해선센텀역,07:00,07:19,07:38,07:57,08:16,08:35,08:54,09:13,09:32,09:51,10:10,10:29,10:48,11:07,11:26,11:45,12:04,12:23,12:42,13:01,13:20,13:39,13:58,14:17,14:36,14:55,15:14,15:33,15:52,16:11,16:30,16:49,17:08,17:27,17:46,18:05,18:24,18:43,19:02,19:21,19:40,19:59,20:18,20:37,20:56,21:15,21:34,21:53,22:12,22:31,22:50,23:09,23:28,23:47,00:06
94,센텀고등학교,07:01,07:20,07:39,07:58,08:17,08:36,08:55,09:14,09:33,09:52,10:11,10:30,10:49,11:08,11:27,11:46,12:05,12:24,12:43,13:02,13:21,13:40,13:59,14:18,14:37,14:56,15:15,15:34,15:53,16:12,16:31,16:50,17:09,17:28,17:47,18:06,18:25,18:44,19:03,19:22,19:41,20:00,20:19,20:38,20:57,21:16,21:35,21:54,22:13,22:32,22:51,23:10,23:29,23:48,00:07
95,센텀센시빌,07:02,07:21,07:40,07:59,08:18,08:37,08:56,09:15,09:34,09:53,10:12,10:31,10:50,11:09,11:28,11:47,12:06,12:25,12:44,13:03,13:22,13:41,14:00,14:19,14:38,14:57,15:16,15:35,15:54,16:13,16:32,16:51,17:10,17:29,17:48,18:07,18:26,18:45,19:04,19:23,19:42,20:01,20:20,20:39,20:58,21:17,21:36,21:55,22:14,22:33,22:52,23:11,23:30,23:49,00:08
96,동해선벡스코역,07:04,07:23,07:42,08:01,08:20,08:39,08:58,09:17,09:36,09:55,10:14,10:33,10:52,11:11,11:30,11:49,12:08,12:27,12:46,13:05,13:24,13:43,14:02,14:21,14:40,14:59,15:18,15:37,15:56,16:15,16:34,16:53,17:12,17:31,17:50,18:09,18:28,18:47,19:06,19:25,19:44,20:03,20:22,20:41,21:00,21:19,21:38,21:57,22:16,22:35,22:54,23:13,23:32,23:51,00:10
97,올림픽교차로환승센터,07:07,07:26,07:45,08:04,08:23,08:42,09:01,09:20,09:39,09:58,10:17,10:36,10:55,11:14,11:33,11:52,12:11,12:30,12:49,13:08,13:27,13:46,14:05,14:24,14:43,15:02,15:21,15:40,15:59,16:18,16:37,16:56,17:15,17:34,17:53,18:12,18:31,18:50,19:09,19:28,19:47,20:06,20:25,20:44,21:03,21:22,21:41,22:00,22:19,22:38,22:57,23:16,23:35,23:54,00:13
98,올림픽교차로,07:09,07:28,07:47,08:06,08:25,08:44,09:03,09:22,09:41,10:00,10:19,10:38,10:57,11:16,11:35,11:54,12:13,12:32,12:51,13:10,13:29,13:48,14:07,14:26,14:45,15:04,15:23,15:42,16:01,16:20,16:39,16:58,17:17,17:36,17:55,18:14,18:33,18:52,19:11,19:30,19:49,20:08,20:27,20:46,21:05,21:24,21:43,22:02,22:21,22:40,22:59,23:18,23:37,23:56,00:15
99,부산문화여고,07:10,07:29,07:48,08:07,08:26,08:45,09:04,09:23,09:42,10:01,10:20,10:39,10:58,11:17,11:36,11:55,12:14,12:33,12:52,13:11,13:30,13:49,14:08,14:27,14:46,15:05,15:24,15:43,16:02,16:21,16:40,16:59,17:18,17:37,17:56,18:15,18:34,18:53,19:12,19:31,19:50,20:09,20:28,20:47,21:06,21:25,21:44,22:03,22:22,22:41,23:00,23:19,23:38,23:57,00:16
100,동백역,07:11,07:30,07:49,08:08,08:27,08:46,09:05,09:24,09:43,10:02,10:21,10:40,10:59,11:18,11:37,11:56,12:15,12:34,12:53,13:12,13:31,13:50,14:09,14:28,14:47,15:06,15:25,15:44,16:03,16:22,16:41,17:00,17:19,17:38,17:57,18:16,18:35,18:54,19:13,19:32,19:51,20:10,20:29,20:48,21:07,21:26,21:45,22:04,22:23,22:42,23:01,23:20,23:39,23:58,00:17
101,운촌,07:12,07:31,07:50,08:09,08:28,08:47,09:06,09:25,09:44,10:03,10:22,10:41,11:00,11:19,11:38,11:57,12:16,12:35,12:54,13:13,13:32,13:51,14:10,14:29,14:48,15:07,15:26,15:45,16:04,16:23,16:42,17:01,17:20,17:39,17:58,18:17,18:36,18:55,19:14,19:33,19:52,20:11,20:30,20:49,21:08,21:27,21:46,22:05,22:24,22:43,23:02,23:21,23:40,23:59,00:18
102,해운대도시철도역,07:14,07:33,07:52,08:11,08:30,08:49,09:08,09:27,09:46,10:05,10:24,10:43,11:02,11:21,11:40,11:59,12:18,12:37,12:56,13:15,13:34,13:53,14:12,14:31,14:50,15:09,15:28,15:47,16:06,16:25,16:44,17:03,17:22,17:41,18:00,18:19,18:38,18:57,19:16,19:35,19:54,20:13,20:32,20:51,21:10,21:29,21:48,22:07,22:26,22:45,23:04,23:23,23:42,00:01,00:20
103,해운대시장,07:16,07:35,07:54,08:13,08:32,08:51,09:10,09:29,09:48,10:07,10:26,10:45,11:04,11:23,11:42,12:01,12:20,12:39,12:58,13:17,13:36,13:55,14:14,14:33,14:52,15:11,15:30,15:49,16:08,16:27,16:46,17:05,17:24,17:43,18:02,18:21,18:40,18:59,19:18,19:37,19:56,20:15,20:34,20:53,21:12,21:31,21:50,22:09,22:28,22:47,23:06,23:25,23:44,00:03,00:22
104,해운대온천사거리,07:18,07:37,07:56,08:15,08:34,08:53,09:12,09:31,09:50,10:09,10:28,10:47,11:06,11:25,11:44,12:03,12:22,12:41,13:00,13:19,13:38,13:57,14:16,14:35,14:54,15:13,15:32,15:51,16:10,16:29,16:48,17:07,17:26,17:45,18:04,18:23,18:42,19:01,19:20,19:39,19:58,20:17,20:36,20:55,21:14,21:33,21:52,22:11,22:30,22:49,23:08,23:27,23:46,00:05,00:24
105,중1동,07:19,07:38,07:57,08:16,08:35,08:54,09:13,09:32,09:51,10:10,10:29,10:48,11:07,11:26,11:45,12:04,12:23,12:42,13:01,13:20,13:39,13:58,14:17,14:36,14:55,15:14,15:33,15:52,16:11,16:30,16:49,17:08,17:27,17:46,18:05,18:24,18:43,19:02,19:21,19:40,19:59,20:18,20:37,20:56,21:15,21:34,21:53,22:12,22:31,22:50,23:09,23:28,23:47,00:06,00:25
106,미포.문탠로드입구,07:21,07:40,07:59,08:18,08:37,08:56,09:15,09:34,09:53,10:12,10:31,10:50,11:09,11:28,11:47,12:06,12:25,12:44,13:03,13:22,13:41,14:00,14:19,14:38,14:57,15:16,15:35,15:54,16:13,16:32,16:51,17:10,17:29,17:48,18:07,18:26,18:45,19:04,19:23,19:42,20:01,20:20,20:39,20:58,21:17,21:36,21:55,22:14,22:33,22:52,23:11,23:30,23:49,00:08,00:27
107,동백중학교,07:22,07:41,08:00,08:19,08:38,08:57,09:16,09:35,09:54,10:13,10:32,10:51,11:10,11:29,11:48,12:07,12:26,12:45,13:04,13:23,13:42,14:01,14:20,14:39,14:58,15:17,15:36,15:55,16:14,16:33,16:52,17:11,17:30,17:49,18:08,18:27,18:46,19:05,19:24,19:43,20:02,20:21,20:40,20:59,21:18,21:37,21:56,22:15,22:34,22:53,23:12,23:31,23:50,00:09,00:28
108,동백초등학교.해운대보건소,07:23,07:42,08:01,08:20,08:39,08:58,09:17,09:36,09:55,10:14,10:33,10:52,11:11,11:30,11:49,12:08,12:27,12:46,13:05,13:24,13:43,14:02,14:21,14:40,14:59,15:18,15:37,15:56,16:15,16:34,16:53,17:12,17:31,17:50,18:09,18:28,18:47,19:06,19:25,19:44,20:03,20:22,20:41,21:00,21:19,21:38,21:57,22:16,22:35,22:54,23:13,23:32,23:51,00:10,00:29
109,상록아파트,07:25,07:44,08:03,08:22,08:41,09:00,09:19,09:38,09:57,10:16,10:35,10:54,11:13,11:32,11:51,12:10,12:29,12:48,13:07,13:26,13:45,14:04,14:23,14:42,15:01,15:20,15:39,15:58,16:17,16:36,16:55,17:14,17:33,17:52,18:11,18:30,18:49,19:08,19:27,19:46,20:05,20:24,20:43,21:02,21:21,21:40,21:59,22:18,22:37,22:56,23:15,23:34,23:53,00:12,00:31
110,대우아파트,07:27,07:46,08:05,08:24,08:43,09:02,09:21,09:40,09:59,10:18,10:37,10:56,11:15,11:34,11:53,12:12,12:31,12:50,13:09,13:28,13:47,14:06,14:25,14:44,15:03,15:22,15:41,16:00,16:19,16:38,16:57,17:16,17:35,17:54,18:13,18:32,18:51,19:10,19:29,19:48,20:07,20:26,20:45,21:04,21:23,21:42,22:01,22:20,22:39,22:58,23:17,23:36,23:55,00:14,00:33
111,영남아파트,07:29,07:48,08:07,08:26,08:45,09:04,09:23,09:42,10:01,10:20,10:39,10:58,11:17,11:36,11:55,12:14,12:33,12:52,13:11,13:30,13:49,14:08,14:27,14:46,15:05,15:24,15:43,16:02,16:21,16:40,16:59,17:18,17:37,17:56,18:15,18:34,18:53,19:12,19:31,19:50,20:09,20:28,20:47,21:06,21:25,21:44,22:03,22:22,22:41,23:00,23:19,23:38,23:57,00:16,00:35
112,벽산아파트,07:30,07:49,08:08,08:27,08:46,09:05,09:24,09:43,10:02,10:21,10:40,10:59,11:18,11:37,11:56,12:15,12:34,12:53,13:12,13:31,13:50,14:09,14:28,14:47,15:06,15:25,15:44,16:03,16:22,16:41,17:00,17:19,17:38,17:57,18:16,18:35,18:54,19:13,19:32,19:51,20:10,20:29,20:48,21:07,21:26,21:45,22:04,22:23,22:42,23:01,23:20,23:39,23:58,00:17,00:36
113,부흥고.해운대백병원,07:31,07:50,08:09,08:28,08:47,09:06,09:25,09:44,10:03,10:22,10:41,11:00,11:19,11:38,11:57,12:16,12:35,12:54,13:13,13:32,13:51,14:10,14:29,14:48,15:07,15:26,15:45,16:04,16:23,16:42,17:01,17:20,17:39,17:58,18:17,18:36,18:55,19:14,19:33,19:52,20:11,20:30,20:49,21:08,21:27,21:46,22:05,22:24,22:43,23:02,23:21,23:40,23:59,00:18,00:37
114,신도시시장.아세안문화원,07:32,07:51,08:10,08:29,08:48,09:07,09:26,09:45,10:04,10:23,10:42,11:01,11:20,11:39,11:58,12:17,12:36,12:55,13:14,13:33,13:52,14:11,14:30,14:49,15:08,15:27,15:46,16:05,16:24,16:43,17:02,17:21,17:40,17:59,18:18,18:37,18:56,19:15,19:34,19:53,20:12,20:31,20:50,21:09,21:28,21:47,22:06,22:25,22:44,23:03,23:22,23:41,00:00,00:19,00:38
115,송정1단지주공,07:36,07:55,08:14,08:33,08:52,09:11,09:30,09:49,10:08,10:27,10:46,11:05,11:24,11:43,12:02,12:21,12:40,12:59,13:18,13:37,13:56,14:15,14:34,14:53,15:12,15:31,15:50,16:09,16:28,16:47,17:06,17:25,17:44,18:03,18:22,18:41,19:00,19:19,19:38,19:57,20:16,20:35,20:54,21:13,21:32,21:51,22:10,22:29,22:48,23:07,23:26,23:45,00:04,00:23,00:42
116,송정,07:37,07:56,08:15,08:34,08:53,09:12,09:31,09:50,10:09,10:28,10:47,11:06,11:25,11:44,12:03,12:22,12:41,13:00,13:19,13:38,13:57,14:16,14:35,14:54,15:13,15:32,15:51,16:10,16:29,16:48,17:07,17:26,17:45,18:04,18:23,18:42,19:01,19:20,19:39,19:58,20:17,20:36,20:55,21:14,21:33,21:52,22:11,22:30,22:49,23:08,23:27,23:46,00:05,00:24,00:43
117,송정해수욕장,07:38,07:57,08:16,08:35,08:54,09:13,09:32,09:51,10:10,10:29,10:48,11:07,11:26,11:45,12:04,12:23,12:42,13:01,13:20,13:39,13:58,14:17,14:36,14:55,15:14,15:33,15:52,16:11,16:30,16:49,17:08,17:27,17:46,18:05,18:24,18:43,19:02,19:21,19:40,19:59,20:18,20:37,20:56,21:15,21:34,21:53,22:12,22:31,22:50,23:09,23:28,23:47,00:06,00:25,00:44
118,공수.양경마을,07:40,07:59,08:18,08:37,08:56,09:15,09:34,09:53,10:12,10:31,10:50,11:09,11:28,11:47,12:06,12:25,12:44,13:03,13:22,13:41,14:00,14:19,14:38,14:57,15:16,15:35,15:54,16:13,16:32,16:51,17:10,17:29,17:48,18:07,18:26,18:45,19:04,19:23,19:42,20:01,20:20,20:39,20:58,21:17,21:36,21:55,22:14,22:33,22:52,23:11,23:30,23:49,00:08,00:27,00:46
119,공수.당사마을,07:41,08:00,08:19,08:38,08:57,09:16,09:35,09:54,10:13,10:32,10:51,11:10,11:29,11:48,12:07,12:26,12:45,13:04,13:23,13:42,14:01,14:20,14:39,14:58,15:17,15:36,15:55,16:14,16:33,16:52,17:11,17:30,17:49,18:08,18:27,18:46,19:05,19:24,19:43,20:02,20:21,20:40,20:59,21:18,21:37,21:56,22:15,22:34,22:53,23:12,23:31,23:50,00:09,00:28,00:47
120,동부산관광단지,07:42,08:01,08:20,08:39,08:58,09:17,09:36,09:55,10:14,10:33,10:52,11:11,11:30,11:49,12:08,12:27,12:46,13:05,13:24,13:43,14:02,14:21,14:40,14:59,15:18,15:37,15:56,16:15,16:34,16:53,17:12,17:31,17:50,18:09,18:28,18:47,19:06,19:25,19:44,20:03,20:22,20:41,21:00,21:19,21:38,21:57,22:16,22:35,22:54,23:13,23:32,23:51,00:10,00:29,00:48
121,용궁사.국립수산과학원,07:44,08:03,08:22,08:41,09:00,09:19,09:38,09:57,10:16,10:35,10:54,11:13,11:32,11:51,12:10,12:29,12:48,13:07,13:26,13:45,14:04,14:23,14:42,15:01,15:20,15:39,15:58,16:17,16:36,16:55,17:14,17:33,17:52,18:11,18:30,18:49,19:08,19:27,19:46,20:05,20:24,20:43,21:02,21:21,21:40,21:59,22:18,22:37,22:56,23:15,23:34,23:53,00:12,00:31,00:50
122,동암정문,07:46,08:05,08:24,08:43,09:02,09:21,09:40,09:59,10:18,10:37,10:56,11:15,11:34,11:53,12:12,12:31,12:50,13:09,13:28,13:47,14:06,14:25,14:44,15:03,15:22,15:41,16:00,16:19,16:38,16:57,17:16,17:35,17:54,18:13,18:32,18:51,19:10,19:29,19:48,20:07,20:26,20:45,21:04,21:23,21:42,22:01,22:20,22:39,22:58,23:17,23:36,23:55,00:14,00:33,00:52
123,동암후문,07:47,08:06,08:25,08:44,09:03,09:22,09:41,10:00,10:19,10:38,10:57,11:16,11:35,11:54,12:13,12:32,12:51,13:10,13:29,13:48,14:07,14:26,14:45,15:04,15:23,15:42,16:01,16:20,16:39,16:58,17:17,17:36,17:55,18:14,18:33,18:52,19:11,19:30,19:49,20:08,20:27,20:46,21:05,21:24,21:43,22:02,22:21,22:40,22:59,23:18,23:37,23:56,00:15,00:34,00:53
124,해광사,07:49,08:08,08:27,08:46,09:05,09:24,09:43,10:02,10:21,10:40,10:59,11:18,11:37,11:56,12:15,12:34,12:53,13:12,13:31,13:50,14:09,14:28,14:47,15:06,15:25,15:44,16:03,16:22,16:41,17:00,17:19,17:38,17:57,18:16,18:35,18:54,19:13,19:32,19:51,20:10,20:29,20:48,21:07,21:26,21:45,22:04,22:23,22:42,23:01,23:20,23:39,23:58,00:17,00:36,00:55
125,기차여행,07:50,08:09,08:28,08:47,09:06,09:25,09:44,10:03,10:22,10:41,11:00,11:19,11:38,11:57,12:16,12:35,12:54,13:13,13:32,13:51,14:10,14:29,14:48,15:07,15:26,15:45,16:04,16:23,16:42,17:01,17:20,17:39,17:58,18:17,18:36,18:55,19:14,19:33,19:52,20:11,20:30,20:49,21:08,21:27,21:46,22:05,22:24,22:43,23:02,23:21,23:40,23:59,00:18,00:37,00:56
126,서암입구,07:50,08:09,08:28,08:47,09:06,09:25,09:44,10:03,10:22,10:41,11:00,11:19,11:38,11:57,12:16,12:35,12:54,13:13,13:32,13:51,14:10,14:29,14:48,15:07,15:26,15:45,16:04,16:23,16:42,17:01,17:20,17:39,17:58,18:17,18:36,18:55,19:14,19:33,19:52,20:11,20:30,20:49,21:08,21:27,21:46,22:05,22:24,22:43,23:02,23:21,23:40,23:59,00:18,00:37,00:56
127,연화교차로,07:53,08:12,08:31,08:50,09:09,09:28,09:47,10:06,10:25,10:44,11:03,11:22,11:41,12:00,12:19,12:38,12:57,13:16,13:35,13:54,14:13,14:32,14:51,15:10,15:29,15:48,16:07,16:26,16:45,17:04,17:23,17:42,18:01,18:20,18:39,18:58,19:17,19:36,19:55,20:14,20:33,20:52,21:11,21:30,21:49,22:08,22:27,22:46,23:05,23:24,23:43,00:02,00:21,00:40,00:59
128,청강리공영차고지,07:55,08:14,08:33,08:52,09:11,09:30,09:49,10:08,10:27,10:46,11:05,11:24,11:43,12:02,12:21,12:40,12:59,13:18,13:37,13:56,14:15,14:34,14:53,15:12,15:31,15:50,16:09,16:28,16:47,17:06,17:25,17:44,18:03,18:22,18:41,19:00,19:19,19:38,19:57,20:16,20:35,20:54,21:13,21:32,21:51,22:10,22:29,22:48,23:07,23:26,23:45,00:04,00:23,00:42,01:01
